ville;etablissement;type;email;source;statut
Paris;Le Calbar;Bar à cocktails;info@lecalbarcocktail.com;https://lecalbarcocktail.com/paris.html;à vérifier
Paris;Au Passage;Bar à vins / bistrot;baraupassage@gmail.com;https://www.restaurant-aupassage.fr/mentions-legales/;à vérifier
Paris;Deux Point Zéro;Bar à cocktails;reservation@deuxpointzerobar.com;https://deuxpointzerobar.com/DossierPresseWeb.pdf;à vérifier — domaine ne répond pas, peut-être fermé
Lyon;Cactus Bar;Bar à cocktails;contact@cactusbar.fr;https://www.cactusbar.fr/contact;à vérifier
Lyon;Bouchon Tupin;Bouchon / restaurant;contact@bouchontupin.com;https://www.bouchontupin.com/contact-reservation/;à vérifier
Lyon;Bouchon Bât d'Argent;Bouchon / restaurant;contact@bouchonbatdargent.com;https://www.bouchonbatdargent.com/evenements-groupes/;à vérifier — confirmation la plus faible
Marseille;Coquetel Club;Bar à cocktails;coquetelclub13006@gmail.com;https://www.coquetelclub.fr/fr/conditions-generales-de-vente;à vérifier
Marseille;The Reed's;Bar à cocktails et tapas;thereeds13008@gmail.com;https://www.thereeds.fr/contact/;à vérifier
Marseille;Le Verre à Cruise;Bar à tapas et cocktails;verreacruise@gmail.com;https://tarpin-bien.com/lieu/le-verre-a-cruise/;à vérifier
Bordeaux;Neta;Restaurant et bar à cocktails;hello@neta-bordeaux.com;https://www.neta-bordeaux.com/;à vérifier
Bordeaux;Le Bistro du Sommelier;Bistrot;contact@bistrodusommelier.com;https://www.bistrodusommelier.com/mentions-legales;à vérifier
Bordeaux;The Wine Bar (Boutique Hôtel);Bar à vins d'hôtel;contact@lebhb.com;https://quoifaireabordeaux.com/the-wine-bar/;à vérifier
Lille;Quai des Bananes;Bar à cocktails;hello@qdblille.com;https://quaidesbananes.fr/contact/;à vérifier
Lille;Genever Bar;Bar à cocktails et gin;contact@geneverbar.fr;https://www.geneverbar.fr/contact.html;à vérifier
Lille;Le Scoop du Vieux Lille;Restaurant / estaminet;scoopdelille@orange.fr;https://www.cirkwi.com/fr/point-interet/3046197-le-scoop-du-vieux-lille;à vérifier
Toulouse;L'Agence;Bar à cocktails;contact@lagencetoulouse.com;https://www.lagencetoulouse.com/bar;à vérifier
Toulouse;L'Heure du Singe;Bar à cocktails;contact@heuredusinge.com;https://www.heuredusinge.com/;à vérifier
Toulouse;Tempête;Bar à cocktails / bistrot;contact@tempete-bar.com;https://www.tempete-bar.com/mentions-legales;à vérifier
Nantes;19:33 Cocktail Experience;Bar à cocktails;contact@19-33.bar;https://www.19-33.bar/;à vérifier
Nantes;Ambrosia;Bar à cocktails / lounge;contact@ambrosia-nantes.com;https://www.ambrosianantes.fr/contact;à vérifier
Nantes;Bistro Melon;Cave à manger / bistrot;lebistromelon@gmail.com;https://www.bistromelon.com/;à vérifier
Strasbourg;Le Douanier;Bar à cocktails;hello@ledouanier.fr;https://ledouanier.fr/reservation/;à vérifier
Strasbourg;Les Luschtig;Bar à tapas / cocktails;contact@les-luschtig.fr;https://www.les-luschtig.fr/;à vérifier
Strasbourg;Vino Strada;Bar à vins / caviste;vinostrada@gmail.com;https://www.vinostrada.com/en/contact;à vérifier
Nice;La Shounga;Bar à cocktails;contact@shounga.bar;https://bar-shounga-nice.fr/;à vérifier
Nice;Topaze;Bar à cocktails;contact.topazenice@gmail.com;https://topaze-bar.fr/en/accueil-2/;à vérifier
Nice;Chambre Noire;Bar à cocktails;contact@chambrenoirebar.com;https://chambrenoirebar.com/;à vérifier
Montpellier;Aperture;Bar à cocktails;contact@aperturemontpellier.com;https://aperturemontpellier.com/;à vérifier
Montpellier;TUB;Bar à cocktails;contact@tubmontpellier.com;https://tubmontpellier.com/mentions-legales/;à vérifier
Montpellier;Cave des Arceaux;Caviste / bar à vins;contact@cave-arceaux.com;https://cave-arceaux.com/;à vérifier
